step,t,location,x0,x1
0,0.0,loc1,0.0,0.0
1,0.01,loc1,0.00003477312528230982,1.5606494317308332e-9
2,0.02,loc1,0.0000698948146984963,4.830944596753753e-9
3,0.03,loc1,0.0001053685624144101,9.845043450895775e-9
4,0.04,loc1,0.0001411978947605361,1.6637562803271734e-8
5,0.05,loc1,0.00017738637483236033,2.5243666632350432e-8
6,0.06,loc1,0.00021393760252556368,3.569906676010475e-8
7,0.07,loc1,0.0002508552145360223,4.804002285201167e-8
8,0.08,loc1,0.00028814288435980725,6.230334241705216e-8
9,0.09,loc1,0.0003258043222931852,7.85263808077114e-8
10,0.1,loc1,0.0003638432754326174,9.674704121997855e-8
11,0.11,loc1,0.0004022635276747604,1.1700377469334683e-7
12,0.12,loc1,0.00044106891628260564,1.3933590128605953e-7
13,0.13,loc1,0.00048026331445839566,1.6378327202354141e-7
14,0.14,loc1,0.0005198506054368511,1.9038576919328413e-7
15,0.15,loc1,0.0005598347151124569,2.1918394011810586e-7
16,0.16,loc1,0.0006002196123302424,2.502190027978749e-7
17,0.17,loc1,0.0006410093088857803,2.835328459095095e-7
18,0.18,loc1,0.0006822078595251878,3.1916802880697783e-7
19,0.19,loc1,0.0007238193619451259,3.5716778152129823e-7
20,0.2,loc1,0.0007658479567927996,3.97576004760539e-7
21,0.21,loc1,0.0008082978276659577,4.4043726990981824e-7
22,0.22,loc1,0.0008511732011128936,4.857968190313043e-7
23,0.23,loc1,0.0008944783466324439,5.337005648642156e-7
24,0.24,loc1,0.0009382175766739897,5.841950908248204e-7
25,0.25,loc1,0.0009823952466374564,6.373276510064371e-7
26,0.26,loc1,0.0010270157548733123,6.931461701794338e-7
27,0.27,loc1,0.0010720835426825707,7.516992437912288e-7
28,0.28,loc1,0.0011176030943167888,8.130361379662907e-7
29,0.29,loc1,0.0011635789369780667,8.772067895061373e-7
30,0.3,loc1,0.0012100156408190504,9.442618058893378e-7
31,0.31,loc1,0.0012569178189429284,1.0142524652715099e-6
32,0.32,loc1,0.0013042901510776455,1.087231219880674e-6
33,0.33,loc1,0.001352137372547672,1.163251475383635e-6
34,0.34,loc1,0.0014004642238922224,1.2423665143315923e-6
35,0.35000000000000003,loc1,0.0014492754973289242,1.3246304730164183e-6
36,0.36,loc1,0.0014985760375517496,1.410098358340242e-6
37,0.37,loc1,0.001548370741731018,1.4988260478154508e-6
38,0.38,loc1,0.001598664559513392,1.590870289564688e-6
39,0.39,loc1,0.0016494624930218813,1.6862887023208554e-6
40,0.4,loc1,0.0017007695968558403,1.785139775427111e-6
41,0.41000000000000003,loc1,0.0017525909780909687,1.887482868836871e-6
42,0.42,loc1,0.001804931796279312,1.993378213113808e-6
43,0.43,loc1,0.0018577972634492615,2.1028869094318526e-6
44,0.44,loc1,0.0019111926441055535,2.2160709295751936e-6
45,0.45,loc1,0.001965123255229269,2.3329931159382754e-6
46,0.46,loc1,0.0020195944662778366,2.4537171815258002e-6
47,0.47000000000000003,loc1,0.0020746116991850277,2.5783077099527277e-6
48,0.48,loc1,0.002130180428360961,2.706830155444274e-6
49,0.49,loc1,0.0021863061806921,2.8393508428359153e-6
50,0.5,loc1,0.0022429945355412536,2.975936967573382e-6
51,0.51,loc1,0.0023002511247475757,3.1166565957126634e-6
52,0.52,loc1,0.0023580816529278855,3.26157911666961e-6
53,0.53,loc1,0.002416491905879851,3.4107754453165762e-6
54,0.54,loc1,0.002475487673188338,3.564316293467296e-6
55,0.55,loc1,0.002535074805334048,3.7222734278867742e-6
56,0.56,loc1,0.0025952592167880666,3.884719738909316e-6
57,0.5700000000000001,loc1,0.0026560468860118602,4.051729240438524e-6
58,0.58,loc1,0.002717443855457281,4.2233770699473e-6
59,0.59,loc1,0.002779456231566565,4.399739488477849e-6
60,0.6,loc1,0.0028420901847723296,4.58089388064167e-6
61,0.61,loc1,0.002905351949497578,4.766918754619563e-6
62,0.62,loc1,0.002969247824155694,4.957893742161628e-6
63,0.63,loc1,0.0030337841711504483,5.1538995985872635e-6
64,0.64,loc1,0.0030989674168759923,5.355018202785167e-6
65,0.65,loc1,0.0031648040517168624,5.561332557213334e-6
66,0.66,loc1,0.0032313006300479776,5.772926787899063e-6
67,0.67,loc1,0.0032984637702346406,5.9898861444389475e-6
68,0.68,loc1,0.0033663001546325386,6.212296999998882e-6
69,0.6900000000000001,loc1,0.0034348165295877402,6.440246851314059e-6
70,0.7000000000000001,loc1,0.0035040197054366997,6.673824318688973e-6
71,0.71,loc1,0.003573916556585138,6.913119147825333e-6
72,0.72,loc1,0.0036445140679218363,7.158223291510177e-6
73,0.73,loc1,0.0037158192749548254,7.409229537974092e-6
74,0.74,loc1,0.003787839245246887,7.666231061193978e-6
75,0.75,loc1,0.0038605811240615723,7.929322473074586e-6
76,0.76,loc1,0.003934052134363202,8.198599823448532e-6
77,0.77,loc1,0.004008259576816866,8.474160600076271e-6
78,0.78,loc1,0.004083210829788424,8.756103728646128e-6
79,0.79,loc1,0.004158913349344505,9.044529572774274e-6
80,0.8,loc1,0.004235374669252507,9.33953993400474e-6
81,0.81,loc1,0.004312602400980596,9.641238051809408e-6
82,0.8200000000000001,loc1,0.0043906042336977116,9.949728603588018e-6
83,0.8300000000000001,loc1,0.004469387934273559,0.000010265117704668162
84,0.84,loc1,0.004548961347278613,0.000010587512908305286
85,0.85,loc1,0.00462933239498412,0.0000109170232056827
86,0.86,loc1,0.004710509077362093,0.00001125375902591156
87,0.87,loc1,0.004792499472085318,0.000011597832236030881
88,0.88,loc1,0.004875311734527347,0.000011949356141007527
89,0.89,loc1,0.004958954097762504,0.000012308445483736225
90,0.9,loc1,0.0050434348725658775,0.000012675216445039551
91,0.91,loc1,0.005128762476906696,0.000013049787357507407
92,0.92,loc1,0.005214945437836586,0.000013432278771767793
93,0.93,loc1,0.005301992299330777,0.000013822811220407115
94,0.9400000000000001,loc1,0.005389911696487562,0.000014221506993713247
95,0.9500000000000001,loc1,0.005478712358393694,0.00001462849020865116
96,0.96,loc1,0.005568403108124392,0.00001504388680886293
97,0.97,loc1,0.005658992862743337,0.000015467824564667738
98,0.98,loc1,0.005750490633302672,0.000015900433073061858
99,0.99,loc1,0.005842905524843006,0.000016341843757718667
100,1.0,loc1,0.0059362467363934055,0.00001679218986898864
101,1.01,loc1,0.006030523560971406,0.000017251606483899358
102,1.02,loc1,0.0061257453855830014,0.000017720230506155497
103,1.03,loc1,0.006221921691222651,0.000018198200666138834
104,1.04,loc1,0.006319062052873277,0.000018685657520908253
105,1.05,loc1,0.0064171761395062634,0.000019182743454199733
106,1.06,loc1,0.0065162737140814575,0.000019689602676426357
107,1.07,loc1,0.006616364633547169,0.000020206381224678306
108,1.08,loc1,0.006717458848840174,0.000020733226962722856
109,1.09,loc1,0.006819566404885707,0.000021270289581004397
110,1.1,loc1,0.006922697482074125,0.00002181772163912208
111,1.11,loc1,0.007026862376051794,0.000022375678083970004
112,1.12,loc1,0.007132071413553404,0.00002294431412294943
113,1.1300000000000001,loc1,0.007238335033327119,0.000023523787236700807
114,1.1400000000000001,loc1,0.0073456637874344715,0.000024114257211601403
115,1.1500000000000001,loc1,0.0074540683412503556,0.00002471588613976525
116,1.16,loc1,0.0075635594734630275,0.000025328838419043182
117,1.17,loc1,0.007674148076074114,0.000025953280753022847
118,1.18,loc1,0.007785845154398598,0.000026589382151028655
119,1.19,loc1,0.00789866182706483,0.00002723731392812182
120,1.2,loc1,0.00801260932601452,0.00002789724970510034
121,1.21,loc1,0.008127698996502748,0.00002856936540849902
122,1.22,loc1,0.008243942297097951,0.00002925383927058944
123,1.23,loc1,0.008361350799681937,0.00002995085182937998
124,1.24,loc1,0.008479936189449873,0.000030660585928615815
125,1.25,loc1,0.008599710264910288,0.000031383226717778903
126,1.26,loc1,0.00872068493788508,0.000032118961652088005
127,1.27,loc1,0.008842872233509505,0.00003286798049249867
128,1.28,loc1,0.008966284294467339,0.0000336304754156297
129,1.29,loc1,0.009090933459714755,0.00003440664307092318
130,1.3,loc1,0.009216832120538865,0.00003519668086252691
131,1.31,loc1,0.009343992762850256,0.000036000788014555085
132,1.32,loc1,0.009472428008779241,0.00003681916664548625
133,1.33,loc1,0.009602150616675863,0.000037652021768163306
134,1.34,loc1,0.00973317348110989,0.00003849956128979351
135,1.35,loc1,0.009865509632870818,0.000039361996011948487
136,1.36,loc1,0.009999172238967874,0.00004023953963056421
137,1.37,loc1,0.010134174602630008,0.00004113240873594102
138,1.3800000000000001,loc1,0.0102705301633059,0.00004204082281274361
139,1.3900000000000001,loc1,0.010408252496663958,0.000042965004240001036
140,1.4000000000000001,loc1,0.010547355314592319,0.0000439051782911067
141,1.41,loc1,0.01068785246519884,0.000044861573133818355
142,1.42,loc1,0.010829757932811124,0.00004583441983025818
143,1.43,loc1,0.010973085837976479,0.000046823952336912626
144,1.44,loc1,0.011117850437461954,0.00004783040750463254
145,1.45,loc1,0.011264066124254325,0.00004885402507863313
146,1.46,loc1,0.011411747427560093,0.000049895047698493954
147,1.47,loc1,0.011560909075396272,0.00005095372258428427
148,1.48,loc1,0.01171156594455255,0.00005203030022589207
149,1.49,loc1,0.01186373297347628,0.00005312503201603156
150,1.5,loc1,0.012017425263363664,0.00005423817294711092
151,1.51,loc1,0.012172658078761743,0.000055369981627367314
152,1.52,loc1,0.012329446847568398,0.000056520720280866913
153,1.53,loc1,0.012487807161032354,0.00005769065474750488
154,1.54,loc1,0.012647754773753173,0.00005888005448300538
155,1.55,loc1,0.012809305603681263,0.00006008919255892156
156,1.56,loc1,0.012972475732117869,0.00006131834566263558
157,1.57,loc1,0.013137281403715076,0.00006256779409735857
158,1.58,loc1,0.013303739026475817,0.0000638378217821307
159,1.59,loc1,0.013471865171753859,0.00006512871625182108
160,1.6,loc1,0.013641676574253813,0.00006644076865712788
161,1.61,loc1,0.01381319013203113,0.00006777427376457819
162,1.62,loc1,0.013986422906492105,0.00006912952995652817
163,1.6300000000000001,loc1,0.014161392122393871,0.00007050683923116292
164,1.6400000000000001,loc1,0.0143381151678444,0.00007190650720249657
165,1.6500000000000001,loc1,0.014516609651366611,0.00007332884468706294
166,1.6600000000000001,loc1,0.01469689338874088,0.00007477416737694364
167,1.67,loc1,0.014878984258370243,0.00007624279180427122
168,1.68,loc1,0.015062900330694852,0.00007773503890451234
169,1.69,loc1,0.01524865987162163,0.00007925123411136512
170,1.7,loc1,0.0154362813425243,0.00008079170735675927
171,1.71,loc1,0.015625783400243363,0.00008235679307085615
172,1.72,loc1,0.01581718489708612,0.0000839468301820486
173,1.73,loc1,0.016010504880826643,0.00008556216211696114
174,1.74,loc1,0.016205762594705804,0.00008720313680044978
175,1.75,loc1,0.016402977477431264,0.00008887010665560216
176,1.76,loc1,0.016602169163177458,0.00009056342860373751
177,1.77,loc1,0.01680335748158562,0.00009228346406440661
178,1.78,loc1,0.017006562457763774,0.0000940305789553918
179,1.79,loc1,0.017211804312286718,0.00009580514369270703
180,1.8,loc1,0.01741910346119605,0.00009760753319059786
181,1.81,loc1,0.017628480516000147,0.00009943812686154135
182,1.82,loc1,0.017839956283674185,0.00010129730861624622
183,1.83,loc1,0.018053551848762277,0.00010318546921925633
184,1.84,loc1,0.01826928851095982,0.00010510300454815821
185,1.85,loc1,0.018487187664685715,0.00010705031211186599
186,1.86,loc1,0.018707270936829598,0.00010902779496638162
187,1.87,loc1,0.018929560187746365,0.00011103586174319122
188,1.8800000000000001,loc1,0.019154077511256157,0.0001130749266492652
189,1.8900000000000001,loc1,0.01938084523464438,0.00011514540946705814
190,1.9000000000000001,loc1,0.019609885918661685,0.00011724773555450897
191,1.9100000000000001,loc1,0.019841222357523974,0.00011938233584504075
192,1.92,loc1,0.020074877578912402,0.00012154964684756077
193,1.93,loc1,0.02031087484397339,0.00012375011064646072
194,1.94,loc1,0.020549237647318596,0.00012598417490161635
195,1.95,loc1,0.020789989717024938,0.00012825229284838774
196,1.96,loc1,0.021033155014634587,0.00013055492329761917
197,1.97,loc1,0.02127875773515496,0.00013289253063563915
198,1.98,loc1,0.021526822307058737,0.00013526558482426047
199,1.99,loc1,0.021777373392283847,0.00013767456140078012
200,2.0,loc1,0.02203043588985336,0.0001401199415845962
201,2.0100000000000002,loc1,0.02228603507547575,0.0001426022164111222
202,2.02,loc1,0.022544196371147376,0.00014512187998335784
203,2.0300000000000002,loc1,0.022804945384965407,0.0001476794305858553
204,2.04,loc1,0.023068308003432722,0.00015027537339164224
205,2.05,loc1,0.023334310391457995,0.00015291022046222242
206,2.06,loc1,0.02360297899235565,0.00015558449074757553
207,2.07,loc1,0.023874340527845837,0.00015829871008615673
208,2.08,loc1,0.024148421998054507,0.00016105341120489748
209,2.09,loc1,0.024425250681513324,0.00016384913371920464
210,2.1,loc1,0.02470485413515975,0.00016668642413296143
211,2.11,loc1,0.02498726019433696,0.0001695658358385264
212,2.12,loc1,0.02527249697279393,0.00017248792911673448
213,2.13,loc1,0.025560592862685347,0.00017545327113689587
214,2.14,loc1,0.025851576534571704,0.00017846243595679725
215,2.15,loc1,0.026145476937419195,0.00018151600452270055
216,2.16,loc1,0.026442323298599826,0.0001846145646693441
217,2.17,loc1,0.026742145123891305,0.00018775871111994152
218,2.18,loc1,0.02704497224545507,0.00019094904694319452
219,2.19,loc1,0.027350834912543504,0.00019418618635573686
220,2.2,loc1,0.027659763475419808,0.00019747074512946672
221,2.21,loc1,0.02797178859039891,0.00020080334675219526
222,2.22,loc1,0.0282869412453335,0.00020418462319818682
223,2.23,loc1,0.028605252759613946,0.00020761521492815773
224,2.24,loc1,0.028926754784168396,0.00021109577088927747
225,2.25,loc1,0.02925147930146266,0.00021462694851516752
226,2.2600000000000002,loc1,0.02957945862550034,0.00021820941372590252
227,2.27,loc1,0.029910725401822692,0.00022184384092800903
228,2.2800000000000002,loc1,0.03024531260750877,0.00022553091301446692
229,2.29,loc1,0.03058325355117528,0.00022927132136470787
230,2.3000000000000003,loc1,0.030924581872976722,0.00023306576584461688
231,2.31,loc1,0.031269331544605254,0.00023691495480653078
232,2.32,loc1,0.03161753686929081,0.0002408196050892396
233,2.33,loc1,0.031969232481801044,0.0002447804420179858
234,2.34,loc1,0.032324453348441286,0.00024879819940446397
235,2.35,loc1,0.032683234770100864,0.00025287361964173395
236,2.36,loc1,0.03304561256794995,0.0002570074595185619
237,2.37,loc1,0.033411622792935684,0.0002612004812219105
238,2.38,loc1,0.033781301752915105,0.000265453453103127
239,2.39,loc1,0.03415468615007811,0.00026976715394220254
240,2.4,loc1,0.03453181308094731,0.00027414237294777087
241,2.41,loc1,0.03491272003637817,0.00027857990975710975
242,2.42,loc1,0.035297444901558866,0.00028308057443613945
243,2.43,loc1,0.03568602595601043,0.00028764518747942424
244,2.44,loc1,0.036078501873586605,0.0002922745798101709
245,2.45,loc1,0.036474911722473996,0.00029696959278023024
246,2.46,loc1,0.036875294965191915,0.0003017310781700955
247,2.47,loc1,0.03727969145859252,0.0003065598981889042
248,2.48,loc1,0.037688141453860693,0.00031145692547443596
249,2.49,loc1,0.038100685596514174,0.0003164230430931148
250,2.5,loc1,0.0385173649264034,0.0003214591445400071
251,2.5100000000000002,loc1,0.03893822087771168,0.00032656613373882316
252,2.52,loc1,0.039363295278955004,0.0003317449250419159
253,2.5300000000000002,loc1,0.03979263047042124,0.0003369964469997538
254,2.54,loc1,0.04022626928611011,0.0003423216418645434
255,2.5500000000000003,loc1,0.04066425473924121,0.0003477214554678319
256,2.56,loc1,0.041106630303120596,0.00035319684615775206
257,2.57,loc1,0.04155343991957594,0.0003587487850685951
258,2.58,loc1,0.04200472799895642,0.0003643782561208103
259,2.59,loc1,0.0424605394201327,0.0003700862560210041
260,2.6,loc1,0.04292091953049702,0.00037587379426194163
261,2.61,loc1,0.04338591414596311,0.0003817418931225451
262,2.62,loc1,0.04385556955096626,0.0003876915876678955
263,2.63,loc1,0.04432993249846325,0.0003937239257492307
264,2.64,loc1,0.044809050209932436,0.00039983996800394754
265,2.65,loc1,0.04529297037537362,0.0004060407878555997
266,2.66,loc1,0.04578174115330824,0.00041232747151389974
267,2.67,loc1,0.04627541117077916,0.00041870111797471697
268,2.68,loc1,0.04677402952335083,0.00042516283902007995
269,2.69,loc1,0.0472776457751092,0.0004317137592181737
270,2.7,loc1,0.04778631002692074,0.0004383550181694746
271,2.71,loc1,0.048300073079033785,0.00044508777593096595
272,2.72,loc1,0.048818985919846555,0.00045191319620904795
273,2.73,loc1,0.049343100046616656,0.00045883245680504843
274,2.74,loc1,0.04987246751273662,0.0004658467511644776
275,2.75,loc1,0.0504071409277337,0.0004729572883770256
276,2.7600000000000002,loc1,0.05094717345727006,0.00048016529317656474
277,2.77,loc1,0.051492618823142614,0.0004874720059411474
278,2.7800000000000002,loc1,0.052043531303283166,0.0004948786826930081
279,2.79,loc1,0.05259996573175828,0.0005023865950985612
280,2.8000000000000003,loc1,0.053161977498769414,0.0005099970304684037
281,2.81,loc1,0.05372962255065276,0.0005177112917573121
282,2.82,loc1,0.054302957389879405,0.0005255306975642452
283,2.83,loc1,0.054882039075055275,0.0005334565821323426
284,2.84,loc1,0.05546692522092102,0.0005414902953489243
285,2.85,loc1,0.05605767399835223,0.0005496332027454926
286,2.86,loc1,0.056654344134359214,0.0005578866854977295
287,2.87,loc1,0.057256994955715027,0.0005662521418968224
288,2.88,loc1,0.057865686656387,0.0005747309964392404
289,2.89,loc1,0.05848047968273363,0.0005833246791395042
290,2.9,loc1,0.05910143504125893,0.0005920346357775027
291,2.91,loc1,0.05972861439801644,0.0006008623312375987
292,2.92,loc1,0.06036208007860901,0.0006098092495086267
293,2.93,loc1,0.061001895068189024,0.0006188768936838939
294,2.94,loc1,0.06164812301145817,0.0006280667859611794
295,2.95,loc1,0.062300828212667664,0.0006373804676427358
296,2.96,loc1,0.06296007563561803,0.0006468194991352867
297,2.97,loc1,0.06362593090365935,0.0006563854599500295
298,2.98,loc1,0.06429846029969098,0.0006660799487026325
299,2.99,loc1,0.06497773076616183,0.0006759045831132381
300,3.0,loc1,0.06566380990507008,0.0006858610000064595
301,3.0100000000000002,loc1,0.06635676597796349,0.0006959508553113838
302,3.02,loc1,0.06705666790593909,0.0007061758240615688
303,3.0300000000000002,loc1,0.06776358526964349,0.0007165376003950468
304,3.04,loc1,0.06847758834624745,0.0007270378988318609
305,3.0500000000000003,loc1,0.0691987484445534,0.0007376784659283995
306,3.06,loc1,0.06992713720219791,0.0007484610560614212
307,3.0700000000000003,loc1,0.07066282689590471,0.0007593874419928437
308,3.08,loc1,0.07140589058393457,0.0007704594197727509
309,3.09,loc1,0.07215640210608554,0.0007816788087393956
310,3.1,loc1,0.07291443608369291,0.0007930474515191994
311,3.11,loc1,0.07368006791962904,0.00080456721402675
312,3.12,loc1,0.07445337379830363,0.0008162399854648051
313,3.13,loc1,0.07523443068566346,0.0008280676783242885
314,3.14,loc1,0.07602331632919263,0.0008400522283842942
315,3.15,loc1,0.07682010925791229,0.0008521955947120819
316,3.16,loc1,0.07762488878238094,0.0008644997596630817
317,3.17,loc1,0.07843773499469417,0.0008769667288808893
318,3.18,loc1,0.07925872876848485,0.0008895985312972708
319,3.19,loc1,0.08008795175892294,0.0009023972191321582
320,3.2,loc1,0.08092548640271575,0.0009153648678936532
321,3.21,loc1,0.08177141596665818,0.0009285035780960889
322,3.22,loc1,0.08262582493013933,0.0009418154888875196
323,3.23,loc1,0.08348879815789796,0.000955302748849025
324,3.24,loc1,0.08436042128484357,0.0009689675294310361
325,3.25,loc1,0.08524078087120263,0.000982812030422842
326,3.2600000000000002,loc1,0.08612996440251884,0.0009968384799525954
327,3.27,loc1,0.08702806028965282,0.0010110491344873062
328,3.2800000000000002,loc1,0.08793515786878248,0.0010254462788328483
329,3.29,loc1,0.08885134740140259,0.001040032226133953
330,3.3000000000000003,loc1,0.08977672007432524,0.0010548093178742149
331,3.31,loc1,0.09071136799967942,0.0010697799238760868
332,3.3200000000000003,loc1,0.09165538421491139,0.0010849464423008848
333,3.33,loc1,0.09260886268278427,0.0011003112996487824
334,3.34,loc1,0.09357189829137848,0.001115876950758816
335,3.35,loc1,0.09454458685409149,0.001131645878808883
336,3.36,loc1,0.09552702510963773,0.0011476205953157386
337,3.37,loc1,0.0965193107220489,0.0011638036401350016
338,3.38,loc1,0.09752154237326105,0.0011801975848157312
339,3.39,loc1,0.09853382014024571,0.0011968050463887529
340,3.4,loc1,0.09955624452151847,0.0012136286521504127
341,3.41,loc1,0.10058891698604801,0.0012306710593414896
342,3.42,loc1,0.10163194009741126,0.0012479349596286786
343,3.43,loc1,0.10268541751379384,0.0012654230791045976
344,3.44,loc1,0.1037494539879896,0.0012831381782877798
345,3.45,loc1,0.104824155367401,0.0013010830521226818
346,3.46,loc1,0.10590962859403881,0.0013192605299796756
347,3.47,loc1,0.1070059817045224,0.0013376734756550567
348,3.48,loc1,0.1081133238300794,0.0013563247873710359
349,3.49,loc1,0.10923176519654612,0.001375217397775747
350,3.5,loc1,0.11036141712436708,0.0013943542739432394
351,3.5100000000000002,loc1,0.11150239202859545,0.0014137384173734857
352,3.52,loc1,0.11265480341889265,0.0014333728639923742
353,3.5300000000000002,loc1,0.11381876589952879,0.0014532606841517158
354,3.54,loc1,0.11499439516938215,0.001473404982629238
355,3.5500000000000003,loc1,0.11618180823187128,0.0014938089064140203
356,3.56,loc1,0.11738112358362267,0.0015144756518885077
357,3.5700000000000003,loc1,0.11859246022664398,0.0015354084281801168
358,3.58,loc1,0.11981593839999963,0.001556610484072098
359,3.59,loc1,0.12105167963643934,0.0015780851100957241
360,3.6,loc1,0.12229980676239793,0.001599835638530286
361,3.61,loc1,0.12356044389799527,0.0016218654434030917
362,3.62,loc1,0.12483371645703649,0.0016441779404894714
363,3.63,loc1,0.12611975114701168,0.0016667765873127707
364,3.64,loc1,0.12741867596909634,0.0016896648831443582
365,3.65,loc1,0.12873062021815077,0.0017128463690036174
366,3.66,loc1,0.13005571448272074,0.001736324627657955
367,3.67,loc1,0.13139409064503685,0.0017601032836227922
368,3.68,loc1,0.13274588188101513,0.001784186003161574
369,3.69,loc1,0.13411122266025644,0.0018085764942857596
370,3.7,loc1,0.1354902487460471,0.0018332785067548317
371,3.71,loc1,0.1368830971953582,0.0018582958320762881
372,3.72,loc1,0.13828990684799894,0.0018836323220693275
373,3.73,loc1,0.13971081783584052,0.001909291870533623
374,3.74,loc1,0.1411459711235105,0.0019352783956314745
375,3.75,loc1,0.14259550920195677,0.0019615958660200907
376,3.7600000000000002,loc1,0.14405957608955833,0.0019882483008935763
377,3.77,loc1,0.1455383173321248,0.00201523976998292
378,3.7800000000000002,loc1,0.1470318800028969,0.0020425743935560065
379,3.79,loc1,0.14854041270254603,0.002070256342417605
380,3.8000000000000003,loc1,0.15006406555917456,0.00209828983790938
381,3.81,loc1,0.15160299022831564,0.0021266791519098808
382,3.8200000000000003,loc1,0.15315733989293337,0.0021554286068345523
383,3.83,loc1,0.15472726926342256,0.0021845425756357234
384,3.84,loc1,0.15631293457760906,0.0022140254818026174
385,3.85,loc1,0.1579144936007496,0.0022438817993613485
386,3.86,loc1,0.15953210562553147,0.002274116052874916
387,3.87,loc1,0.16116593147207325,0.002304732817443214
388,3.88,loc1,0.16281613356705368,0.0023357367217636676
389,3.89,loc1,0.16448287664915773,0.0023671324755817217
390,3.9,loc1,0.16616632628719374,0.002398924812514737
391,3.91,loc1,0.16786664955128364,0.002431118515675244
392,3.92,loc1,0.1695840153129478,0.0024637184292371677
393,3.93,loc1,0.17131859424510568,0.0024967294584358384
394,3.94,loc1,0.17307055882207512,0.0025301565695679813
395,3.95,loc1,0.17484008331957301,0.0025640047899917274
396,3.96,loc1,0.17662734381471482,0.0025982792081266025
397,3.97,loc1,0.17843251818601488,0.002632984973453537
398,3.98,loc1,0.1802557861133861,0.002668127296514857
399,3.99,loc1,0.18209732907814044,0.002703711448914294
400,4.0,loc1,0.18395733036298823,0.0027397427633169737
401,4.01,loc1,0.1858359750520388,0.0027762266334494263
402,4.0200000000000005,loc1,0.18773345003080036,0.0028131685140995837
403,4.03,loc1,0.18964994398617938,0.002850573921116769
404,4.04,loc1,0.19158564740648149,0.002888448431411715
405,4.05,loc1,0.1935407531118366,0.0029267977039438534
406,4.0600000000000005,loc1,0.19551545595995937,0.002965627468438192
407,4.07,loc1,0.19750995186893885,0.003004943486547176
408,4.08,loc1,0.1995244388637677,0.0030447515929650144
409,4.09,loc1,0.2015591170913196,0.00308505769601813
410,4.1,loc1,0.20361418882034957,0.0031258677776651667
411,4.11,loc1,0.205689858441494,0.003167187893496992
412,4.12,loc1,0.20778633246727013,0.003209024172736681
413,4.13,loc1,0.2099038195320769,0.0032513828182395405
414,4.14,loc1,0.2120425303921944,0.0032942701064930927
415,4.15,loc1,0.21420267792578412,0.003337692387617084
416,4.16,loc1,0.21638447713288836,0.003381656085363469
417,4.17,loc1,0.21858814513543115,0.0034261676971164326
418,4.18,loc1,0.22081390117721764,0.003471233793892376
419,4.19,loc1,0.22306196662393446,0.0035168610203399247
420,4.2,loc1,0.2253325649631489,0.0035630560947399114
421,4.21,loc1,0.2276259220162568,0.0036098258175509207
422,4.22,loc1,0.2299422666626173,0.003657177100878021
423,4.23,loc1,0.23228182886670898,0.0037051168890222816
424,4.24,loc1,0.23464484085961376,0.003753652205675407
425,4.25,loc1,0.2370315373684136,0.0038027901631365888
426,4.26,loc1,0.23944215561618953,0.003852537962312488
427,4.2700000000000005,loc1,0.24187693532202226,0.0039029028927172436
428,4.28,loc1,0.2443361187009911,0.0039538923324724555
429,4.29,loc1,0.2468199504641754,0.004005513748307212
430,4.3,loc1,0.24932867781865375,0.004057774695558068
431,4.3100000000000005,loc1,0.2518625504675042,0.0041106828181690595
432,4.32,loc1,0.2544218206098036,0.004164245848691681
433,4.33,loc1,0.25700674294062875,0.004218471608284916
434,4.34,loc1,0.2596175746510556,0.004273368006715217
435,4.3500000000000005,loc1,0.26225457542815983,0.004328943042356514
436,4.36,loc1,0.26491800745501554,0.004385204802190199
437,4.37,loc1,0.26760813548921836,0.004442161465031265
438,4.38,loc1,0.2703252279737425,0.004499821347397746
439,4.39,loc1,0.27306955490774154,0.004558192816286225
440,4.4,loc1,0.27584138866586083,0.004617284322312216
441,4.41,loc1,0.2786410045545655,0.004677104422491092
442,4.42,loc1,0.2814686808121419,0.004737661780238119
443,4.43,loc1,0.28432469860869675,0.004798965165368432
444,4.44,loc1,0.28720934204615756,0.004861023454097053
445,4.45,loc1,0.29012289815827147,0.0049238456290388605
446,4.46,loc1,0.29306565691060715,0.004987440779208624
447,4.47,loc1,0.2960379112005534,0.0050518181000209885
448,4.48,loc1,0.2990399568573198,0.0051169868932904785
449,4.49,loc1,0.3020720926419358,0.005182956567231478
450,4.5,loc1,0.30513462024725213,0.005249736636458265
451,4.51,loc1,0.3082278442979397,0.005317336721984989
452,4.5200000000000005,loc1,0.31135207235049034,0.00538576655122568
453,4.53,loc1,0.31450761494460633,0.005455035960145805
454,4.54,loc1,0.31769478688458463,0.0055251549471448235
455,4.55,loc1,0.3209139049965098,0.00559613357949277
456,4.5600000000000005,loc1,0.32416528877568374,0.005667982019842513
457,4.57,loc1,0.32744926115592193,0.005740710558332737
458,4.58,loc1,0.33076614850955455,0.005814329612587978
459,4.59,loc1,0.33411628064742593,0.005888849727718599
460,4.6000000000000005,loc1,0.3374999908188947,0.005964281576320805
461,4.61,loc1,0.34091761571183277,0.006040635958476617
462,4.62,loc1,0.34436949545262713,0.0061179238017539045
463,4.63,loc1,0.3478559736061786,0.006196156161206371
464,4.64,loc1,0.35137739717590216,0.006275344219373549
465,4.65,loc1,0.3549341166037273,0.006355499286280815
466,4.66,loc1,0.35852648577009677,0.006436632799439355
467,4.67,loc1,0.3621548619939682,0.006518756323846216
468,4.68,loc1,0.3658196060328133,0.006601881551984265
469,4.69,loc1,0.3695210821960456,0.0066860203086613525
470,4.7,loc1,0.37325965977083286,0.006771184612147533
471,4.71,loc1,0.3770357102331005,0.006857386555509121
472,4.72,loc1,0.3808496083957313,0.006944638354905474
473,4.73,loc1,0.38470173309815686,0.0070329523789128615
474,4.74,loc1,0.38859246720635676,0.007122341148524437
475,4.75,loc1,0.39252219761285995,0.007212817337150286
476,4.76,loc1,0.3964913152367439,0.007304393770617391
477,4.7700000000000005,loc1,0.40050021502363514,0.0073970834271696526
478,4.78,loc1,0.4045492959457077,0.00749089943746785
479,4.79,loc1,0.4086389610016854,0.007585855084589697
480,4.8,loc1,0.4127696172168404,0.0076819638040298045
481,4.8100000000000005,loc1,0.4169416756429939,0.007779239183699699
482,4.82,loc1,0.4211555513585146,0.00787769496392779
483,4.83,loc1,0.42541166346832116,0.007977345037459418
484,4.84,loc1,0.4297104351038804,0.008078203449456822
485,4.8500000000000005,loc1,0.4340522938338756,0.00818028441535277
486,4.86,loc1,0.4384376727503115,0.008283602368561549
487,4.87,loc1,0.44286700723136135,0.008388171819852096
488,4.88,loc1,0.44734073703380467,0.008494007447557645
489,4.89,loc1,0.4518593066223533,0.008601124111845318
490,4.9,loc1,0.4564231651696515,0.008709536854716125
491,4.91,loc1,0.4610327665562746,0.00881926090000494
492,4.92,loc1,0.46568856937073144,0.00893031165338054
493,4.93,loc1,0.47039103690946255,0.009042704702345592
494,4.94,loc1,0.4751406371768411,0.009156455816236647
495,4.95,loc1,0.47993784288517116,0.009271580946224111
496,4.96,loc1,0.4847831314546903,0.00938809622531231
497,4.97,loc1,0.48967698501356804,0.009506017968339444
498,4.98,loc1,0.4946198903979062,0.009625362671977604
499,4.99,loc1,0.49961233915173775,0.009746147014732741
500,5.0,loc1,0.5046548275270291,0.009868387856944716
501,5.01,loc1,0.5097478578332499,0.009992102300578308
502,5.0200000000000005,loc1,0.5148919372179608,0.010117307636071755
503,5.03,loc1,0.5200875761925895,0.010244021276474368
504,5.04,loc1,0.5253352907572071,0.010372260850972365
505,5.05,loc1,0.53063560240838,0.010502044205235612
506,5.0600000000000005,loc1,0.5359890381391713,0.010633389401417639
507,5.07,loc1,0.5413961304391383,0.010766314718155603
508,5.08,loc1,0.5468574172943357,0.010900838650570352
509,5.09,loc1,0.5523734421873139,0.011036979910266378
510,5.1000000000000005,loc1,0.5579447540971194,0.011174757425331843
511,5.11,loc1,0.5635719074992935,0.011314190340338528
512,5.12,loc1,0.5692554623658745,0.01145529801634191
513,5.13,loc1,0.5749959841653967,0.011598100030881109
514,5.14,loc1,0.5807940438628897,0.0117426161779789
515,5.15,loc1,0.58665021791988,0.011888866468141733
516,5.16,loc1,0.5925650886963149,0.012036871146443019
517,5.17,loc1,0.5985392461289548,0.012186650768621198
518,5.18,loc1,0.6045732834708433,0.012338226009636792
519,5.19,loc1,0.6106677998132068,0.012491617776125036
520,5.2,loc1,0.6168234006554916,0.012646847231960192
521,5.21,loc1,0.6230406979053656,0.01280393579825564
522,5.22,loc1,0.6293203098787175,0.012962905153363805
523,5.23,loc1,0.6356628612996568,0.013123777232876208
524,5.24,loc1,0.6420689833005123,0.013286574229623385
525,5.25,loc1,0.6485393134218354,0.013451318593674995
526,5.26,loc1,0.6550744956123972,0.013618033032339747
527,5.2700000000000005,loc1,0.6616751802291905,0.013786740510165433
528,5.28,loc1,0.668342024037427,0.013957464248938876
529,5.29,loc1,0.6750756902105408,0.014130227727686006
530,5.3,loc1,0.6818768483301861,0.014305054682671813
531,5.3100000000000005,loc1,0.6887461744287551,0.014481969109343155
532,5.32,loc1,0.6956843533475355,0.014660995370487585
533,5.33,loc1,0.7026920750084255,0.014842158026593647
534,5.34,loc1,0.7097700350302985,0.015025481862880198
535,5.3500000000000005,loc1,0.7169189364936382,0.015210991969688175
536,5.36,loc1,0.7241394899405356,0.01539871374248053
537,5.37,loc1,0.7314324133746919,0.015588672881842324
538,5.38,loc1,0.7387984322614174,0.01578089539348067
539,5.39,loc1,0.7462382795276316,0.01597540758822475
540,5.4,loc1,0.7537526955618632,0.016172236082025813
541,5.41,loc1,0.7613424282142484,0.01637140779595713
542,5.42,loc1,0.7690082327965343,0.01657294995621409
543,5.43,loc1,0.7767508720820766,0.016776890094114122
544,5.44,loc1,0.7845711163058406,0.016983256046096743
545,5.45,loc1,0.7924697431643987,0.017192075953723473
546,5.46,loc1,0.8004475378159344,0.017403378263677955
547,5.47,loc1,0.8085052948731946,0.01761719182057084
548,5.48,loc1,0.8166438165591039,0.01783354578235304
549,5.49,loc1,0.824863910650304,0.01805246952371749
550,5.5,loc1,0.8331663935913628,0.018273992780215072
551,5.51,loc1,0.8415520905049556,0.018498145648727173
552,5.5200000000000005,loc1,0.8500218351918665,0.018724958587465725
553,5.53,loc1,0.858576470130985,0.01895446241597313
554,5.54,loc1,0.8672168464793113,0.019186688315122376
555,5.55,loc1,0.8759438240719521,0.01942166782711696
556,5.5600000000000005,loc1,0.8847582714221234,0.01965943285549092
557,5.57,loc1,0.8936610657211463,0.019900015665108767
558,5.58,loc1,0.9026530928384527,0.0201434488821656
559,5.59,loc1,0.9117352473215813,0.02038976549418701
560,5.6000000000000005,loc1,0.9209084323961796,0.020638998850029164
561,5.61,loc1,0.9301735599660008,0.020891182659878667
562,5.62,loc1,0.9395315524574511,0.021146351082487896
563,5.63,loc1,0.9489833419770758,0.02140453868667846
564,5.64,loc1,0.9585298666654158,0.021665780278256094
565,5.65,loc1,0.9681720746733297,0.021930111086888984
566,5.66,loc1,0.9779109242342636,0.022197566769514707
567,5.67,loc1,0.9877473836642567,0.022468183410340358
568,5.68,loc1,0.9976824313619378,0.022741997520842466
569,5.69,loc1,1.0077170558085269,0.023019046039767038
570,5.7,loc1,1.0178522555678318,0.02329936633312946
571,5.71,loc1,1.0280890392862534,0.023582996194214646
572,5.72,loc1,1.0384284256927818,0.023869973843576937
573,5.73,loc1,1.0488714435989988,0.02416033792904016
574,5.74,loc1,1.0594191318990736,0.02445412752569752
575,5.75,loc1,1.0700725395697686,0.024751382135911736
576,5.76,loc1,1.0808327256704355,0.025052141689314973
577,5.7700000000000005,loc1,1.091700761455301,0.025356446644265472
578,5.78,loc1,1.1026777293835874,0.0256643379418474
579,5.79,loc1,1.1137647190014002,0.025975856807323817
580,5.8,loc1,1.1249628314781406,0.026291044966685526
581,5.8100000000000005,loc1,1.1362731796871188,0.026609944650510534
582,5.82,loc1,1.147696888205549,0.02693259859396394
583,5.83,loc1,1.1592350933145543,0.027259050036798117
584,5.84,loc1,1.1708889429991653,0.02758934272335259
585,5.8500000000000005,loc1,1.1826595969483202,0.027923520902554084
586,5.86,loc1,1.1945482265548606,0.02826162932791643
587,5.87,loc1,1.206556014915539,0.02860371325754072
588,5.88,loc1,1.2186841568310134,0.0289498184541152
589,5.89,loc1,1.2309338588058494,0.029299991184915292
590,5.9,loc1,1.24330633904852,0.029654278221803637
591,5.91,loc1,1.2558028274714028,0.03001272684122996
592,5.92,loc1,1.268424568599684,0.030375384966125896
593,5.93,loc1,1.2811728189652536,0.03074230104070905
594,5.94,loc1,1.2940488439586932,0.031113523875700894
595,5.95,loc1,1.3070539225271085,0.03148910287611691
596,5.96,loc1,1.3201893471931274,0.031869088042190276
597,5.97,loc1,1.3334564240548976,0.032253529969371746
598,5.98,loc1,1.3468564727860866,0.0326424798483297
599,5.99,loc1,1.3603908266358782,0.03303598946495002
600,6.0,loc1,1.3740608324289794,0.0334341112003363
601,6.01,loc1,1.387867850565616,0.03383689803080969
602,6.0200000000000005,loc1,1.4018132550215339,0.034244403527908994
603,6.03,loc1,1.4158984333479954,0.03465668185839049
604,6.04,loc1,1.4301247866717863,0.03507378778422818
605,6.05,loc1,1.4444937296952103,0.035495776662613616
606,6.0600000000000005,loc1,1.459006690726183,0.0359227044474418
607,6.07,loc1,1.4736651160260048,0.036354627904705526
608,6.08,loc1,1.4884704635279842,0.03679160430385372
609,6.09,loc1,1.5034242029804092,0.03723369142267994
610,6.1000000000000005,loc1,1.5185278198678016,0.03768094774040723
611,6.11,loc1,1.5337828154109099,0.03813343243768799
612,6.12,loc1,1.5491907065667192,0.038591205396604183
613,6.13,loc1,1.5647530260284446,0.0390543272006672
614,6.140000000000001,loc1,1.5804713222255338,0.039522859134817914
615,6.15,loc1,1.5963471593236627,0.03999686318542656
616,6.16,loc1,1.6123821172247426,0.04047640204029292
617,6.17,loc1,1.6285777915669148,0.040961539088646234
618,6.18,loc1,1.644935793724553,0.041452338421145166
619,6.19,loc1,1.6614577508082635,0.04194886482987789
620,6.2,loc1,1.67814530566488,0.04245118380836192
621,6.21,loc1,1.6950001173017177,0.04295936157281556
622,6.22,loc1,1.7120238660840912,0.04347346532393093
623,6.23,loc1,1.7292182435257755,0.04399356273617364
624,6.24,loc1,1.7465849568208391,0.04451972218236627
625,6.25,loc1,1.7641257313943879,0.045052012861215476
626,6.26,loc1,1.7818423109025596,0.04559050479731184
627,6.2700000000000005,loc1,1.7997364572325274,0.046135268841129964
628,6.28,loc1,1.817809950502493,0.046686376669028286
629,6.29,loc1,1.8360645890616962,0.04724390078324935
630,6.3,loc1,1.8545021894904092,0.04780791451191962
631,6.3100000000000005,loc1,1.8731245865999384,0.04837849200904958
632,6.32,loc1,1.8919336334326198,0.04895570825453354
633,6.33,loc1,1.9109312012618267,0.049539639054149924
634,6.34,loc1,1.9301191795919654,0.05013036103956108
635,6.3500000000000005,loc1,1.9494994761584765,0.05072795166831337
636,6.36,loc1,1.9690740186095723,0.05133248930944883
637,6.37,loc1,1.9888447581128126,0.05194405342905614
638,6.38,loc1,2.0088136576926896,0.052562723996829146
639,6.390000000000001,loc1,2.0289827003961385,0.0531885818988565
640,6.4,loc1,2.0493538903821684,0.053821708992928985
641,6.41,loc1,2.0699292529218747,0.05446218810853983
642,6.42,loc1,2.0907108343984326,0.0551101030468845
643,6.43,loc1,2.1117007023070955,0.055765538580860724
644,6.44,loc1,2.132900945255201,0.056428580455068614
645,6.45,loc1,2.154313672962161,0.05709931538581036
646,6.46,loc1,2.1759410162594723,0.05777783106109062
647,6.47,loc1,2.1977851270907123,0.05846421614061629
648,6.48,loc1,2.2198481785115387,0.059158560255796605
649,6.49,loc1,2.2421323646896854,0.0598609540097429
650,6.5,loc1,2.264639900904972,0.06057148897726899
651,6.51,loc1,2.287373028012748,0.06129025793556353
652,6.5200000000000005,loc1,2.3103340096185967,0.06201735472135074
653,6.53,loc1,2.333525124891735,0.06275287385777391
654,6.54,loc1,2.356948677335969,0.0634969110050982
655,6.55,loc1,2.3806069948949293,0.06424956296613318
656,6.5600000000000005,loc1,2.404502429952075,0.065010927686233
657,6.57,loc1,2.428637359330687,0.06578110425329602
658,6.58,loc1,2.4530141842938784,0.06656019289776537
659,6.59,loc1,2.477635330544588,0.06734829499262852
660,6.6000000000000005,loc1,2.5025032482255827,0.06814551305341755
661,6.61,loc1,2.527620411919451,0.06895195073820878
662,6.62,loc1,2.552989320648614,0.06976771284762324
663,6.63,loc1,2.578612497875318,0.07059290532482636
664,6.640000000000001,loc1,2.6044924915016385,0.07142763525552812
665,6.65,loc1,2.63063187418242,0.07227201088434966
666,6.66,loc1,2.6570332514048682,0.07312614203891973
667,6.67,loc1,2.6836992473959014,0.07399013939506448
668,6.68,loc1,2.71063250963041,0.07486411470862359
669,6.69,loc1,2.7378357138676286,0.07574818107813894
670,6.7,loc1,2.765311564151128,0.07664245294485429
671,6.71,loc1,2.793062792808827,0.07754704609271579
672,6.72,loc1,2.8210921604529835,0.07846207764837156
673,6.73,loc1,2.8494024559802003,0.07938766608117198
674,6.74,loc1,2.8779964965714147,0.08032393120316929
675,6.75,loc1,2.9068771276919136,0.08127099416911807
676,6.76,loc1,2.936047223091322,0.08222897747647497
677,6.7700000000000005,loc1,2.965509684803612,0.08319800496539882
678,6.78,loc1,2.9952674431470867,0.08417820181875033
679,6.79,loc1,3.025323456724401,0.08516969456209258
680,6.8,loc1,3.055680715014137,0.08617261120124667
681,6.8100000000000005,loc1,3.0863422437948387,0.08718708151318252
682,6.82,loc1,3.1173110874193095,0.0882132361055411
683,6.83,loc1,3.148590321327161,0.08925120707636541
684,6.84,loc1,3.1801830536848357,0.09030112810090507
685,6.8500000000000005,loc1,3.2120924253856145,0.0913631344316165
686,6.86,loc1,3.2443216100496035,0.09243736289816255
687,6.87,loc1,3.2768738140237517,0.09352395190741306
688,6.88,loc1,3.309752276381841,0.0946230414434445
689,6.890000000000001,loc1,3.342960268924489,0.09573477306754011
690,6.9,loc1,3.3765010961791404,0.09685928991818958
691,6.91,loc1,3.410378095400082,0.09799673671108958
692,6.92,loc1,3.444594636568434,0.0991472597391434
693,6.93,loc1,3.479154122392149,0.10031100687246103
694,6.94,loc1,3.5140599883060184,0.10148812755835927
695,6.95,loc1,3.549315710506547,0.10267877325413016
696,6.96,loc1,3.5849247980076266,0.10388309700439811
697,6.97,loc1,3.620890785536409,0.1051012530549662
698,6.98,loc1,3.6572172456558145,0.10633339750221642
699,6.99,loc1,3.6939077887901792,0.10757968829448732
700,7.0,loc1,3.7309660632252752,0.1088402852320746
701,7.01,loc1,3.768395755108296,0.1101153499672307
702,7.0200000000000005,loc1,3.806200588447863,0.11140504600416504
703,7.03,loc1,3.8443843251140146,0.11270953869904347
704,7.04,loc1,3.882950764838223,0.11402899525998912
705,7.05,loc1,3.9219037452133843,0.11536358474708179
706,7.0600000000000005,loc1,3.961247141693821,0.11671347807235827
707,7.07,loc1,4.000984867595273,0.11807884799981182
708,7.08,loc1,4.041120874094913,0.11945986914539289
709,7.09,loc1,4.081659151487732,0.12085671804546444
710,7.1000000000000005,loc1,4.12260374095079,0.12226957380070269
711,7.11,loc1,4.163958710180601,0.12369861675119342
712,7.12,loc1,4.205728165377441,0.12514402912323297
713,7.13,loc1,4.247916256538787,0.12660599531698474
714,7.140000000000001,loc1,4.290527177459318,0.1280847019064795
715,7.15,loc1,4.333565165730906,0.12958033763961482
716,7.16,loc1,4.377034502742634,0.1310930934381559
717,7.17,loc1,4.420939513680784,0.132623162397735
718,7.18,loc1,4.465284567528838,0.13417073978785163
719,7.19,loc1,4.510074077067485,0.1357360230518726
720,7.2,loc1,4.5553124988746045,0.13731921180703155
721,7.21,loc1,4.601004333325287,0.13892050784442977
722,7.22,loc1,4.647154124591822,0.14054011512903555
723,7.23,loc1,4.693766460643704,0.14217823979968464
724,7.24,loc1,4.7408459798665525,0.14383509053491567
725,7.25,loc1,4.78839737244963,0.14551087863529608
726,7.26,loc1,4.83642535867315,0.1472058168217555
727,7.2700000000000005,loc1,4.8849347085700865,0.14892012031622773
728,7.28,loc1,4.933930242834,0.15065400689168945
729,7.29,loc1,4.983416832819068,0.152407696872161
730,7.3,loc1,5.033399400540064,0.1541814131327058
731,7.3100000000000005,loc1,5.08388291867237,0.1559753810994307
732,7.32,loc1,5.134872410551957,0.15778982874948538
733,7.33,loc1,5.186372950175411,0.15962498661106317
734,7.34,loc1,5.238389662199914,0.1614810877634005
735,7.3500000000000005,loc1,5.290927721943258,0.1633583678367773
736,7.36,loc1,5.343992355383821,0.16525706501251616
737,7.37,loc1,5.3975888391605995,0.16717742002298352
738,7.38,loc1,5.451722500875577,0.1691196761684924
739,7.390000000000001,loc1,5.5063987353275605,0.1710840802275973
740,7.4,loc1,5.561622978657041,0.1730708810168689
741,7.41,loc1,5.61740071335679,0.17508032966301984
742,7.42,loc1,5.673737480517759,0.1771126802857484
743,7.43,loc1,5.73063887982909,0.17916818999773876
744,7.44,loc1,5.788110569578115,0.1812471189046612
745,7.45,loc1,5.846158266650338,0.18334973010517128
746,7.46,loc1,5.904787746529466,0.18547628969091098
747,7.47,loc1,5.964004843297388,0.18762706674650798
748,7.48,loc1,6.023815449634184,0.18980233334957605
749,7.49,loc1,6.084225516818107,0.1920023645707142
750,7.5,loc1,6.145241054725615,0.19422743847350793
751,7.51,loc1,6.206868131831341,0.19647783611452846
752,7.5200000000000005,loc1,6.269112875208117,0.19875384154333295
753,7.53,loc1,6.331981475456114,0.20105574208187335
754,7.54,loc1,6.39548019884205,0.2033838290186022
755,7.55,loc1,6.459615350228894,0.20573839550825737
756,7.5600000000000005,loc1,6.52439329850349,0.20811973800405953
757,7.57,loc1,6.589820480332521,0.21052815647006007
758,7.58,loc1,6.65590340016253,0.21296395438114243
759,7.59,loc1,6.722648630219912,0.21542743872302125
760,7.6000000000000005,loc1,6.790062810510913,0.21791891999224283
761,7.61,loc1,6.858152648821616,0.22043871219618413
762,7.62,loc1,6.926924920717967,0.22298713285305422
763,7.63,loc1,6.996386469545761,0.22556450299189335
764,7.640000000000001,loc1,7.066544206430647,0.2281711471525734
765,7.65,loc1,7.137405110278109,0.2308073933857969
766,7.66,loc1,7.208976227773495,0.2334735732530986
767,7.67,loc1,7.281264673382002,0.23617002182684432
768,7.68,loc1,7.354277645976329,0.2388970786458666
769,7.69,loc1,7.428022412319761,0.24165508677705666
770,7.7,loc1,7.502506292499589,0.24444439197090687
771,7.71,loc1,7.577736684954332,0.24726534409260015
772,7.72,loc1,7.65372106652505,0.25011829712495204
773,7.73,loc1,7.730466992455362,0.2530036091684112
774,7.74,loc1,7.807982096391418,0.25592164244105825
775,7.75,loc1,7.88627409038194,0.25887276327860753
776,7.76,loc1,7.965350764878192,0.261857342134406
777,7.7700000000000005,loc1,8.045219988733999,0.2648757535794335
778,7.78,loc1,8.125889709205714,0.26792837630230215
779,7.79,loc1,8.207367951952264,0.27101559310925755
780,7.8,loc1,8.289662821035117,0.2741377909241779
781,7.8100000000000005,loc1,8.372782498918305,0.27729536078857464
782,7.82,loc1,8.45673524919038,0.28048869801973836
783,7.83,loc1,8.541529440766482,0.2837182036229853
784,7.84,loc1,8.627173497201285,0.28698428135185206
785,7.8500000000000005,loc1,8.713675922038664,0.2902873391681211
786,7.86,loc1,8.80104530951711,0.29362778986226357
787,7.87,loc1,8.889290344569787,0.2970060510534409
788,7.88,loc1,8.978419802824483,0.3004225451895037
789,7.890000000000001,loc1,9.06844255060365,0.3038776995469923
790,7.9,loc1,9.159367544924354,0.3073719462311358
791,7.91,loc1,9.251203833498327,0.3109057221758534
792,7.92,loc1,9.34396055473194,0.3144794691437537
793,7.930000000000001,loc1,9.437646937726214,0.318093633726135
794,7.94,loc1,9.532272302276791,0.3217486673429842
795,7.95,loc1,9.627846058873978,0.3254450262429784
796,7.96,loc1,9.724377708702718,0.32918317150348414
797,7.97,loc1,9.821876857426233,0.33296356984222025
798,7.98,loc1,9.920353217973448,0.336786693793125
799,7.99,loc1,10.019816565478402,0.3406530190496267
800,8.0,loc1,10.120276778121879,0.34456302685701107
801,8.01,loc1,10.221743839005555,0.34851720412249665
802,8.02,loc1,10.324227836152017,0.3525160434152353
803,8.03,loc1,10.427738962504751,0.35656004296631194
804,8.040000000000001,loc1,10.53228751592817,0.36064970666874574
805,8.05,loc1,10.637883899207532,0.3647855440774868
806,8.06,loc1,10.74453862004906,0.36896807040942065
807,8.07,loc1,10.852262291079859,0.3731978065433654
808,8.08,loc1,10.96106562984794,0.3774752790200723
809,8.09,loc1,11.07095945882222,0.38180102004222594
810,8.1,loc1,11.181954705392519,0.38617556747444426
811,8.11,loc1,11.294062402355017,0.3905994648721702
812,8.120000000000001,loc1,11.407293721357487,0.39507326347784943
813,8.13,loc1,11.521659921018955,0.39959751914413144
814,8.14,loc1,11.637172354730415,0.4041727927816641
815,8.15,loc1,11.7538424972712,0.4087996519394762
816,8.16,loc1,11.871681944809023,0.413478670804978
817,8.17,loc1,11.990702414899955,0.41821043020396137
818,8.18,loc1,12.110915746488443,0.4229955176005996
819,8.19,loc1,12.232333899907305,0.4278345270974477
820,8.2,loc1,12.354968956877723,0.43272805943544207
821,8.21,loc1,12.478833120509274,0.4376767219939016
822,8.22,loc1,12.603938715299835,0.4426811287905241
823,8.23,loc1,12.730298187135725,0.4477419004813916
824,8.24,loc1,12.857924103291603,0.4528596643609667
825,8.25,loc1,12.986829152430502,0.4580350543620936
826,8.26,loc2,13.117044085623709,0.46326875188014555
827,8.27,loc2,13.248604689216476,0.46856145817760075
828,8.28,loc2,13.381484785203073,0.4739137413565241
829,8.290000000000001,loc2,13.51569762384858,0.4793262651556818
830,8.3,loc2,13.651256547666122,0.48479969821156643
831,8.31,loc2,13.788175040298857,0.49033471696693043
832,8.32,loc2,13.926466728228743,0.4959320057723744
833,8.33,loc2,14.066145380776574,0.501592256886348
834,8.34,loc2,14.207224910101973,0.50731617047515
835,8.35,loc2,14.349719371203397,0.5131044546129285
836,8.36,loc2,14.493642961918132,0.5189578252816804
837,8.370000000000001,loc2,14.639010022922323,0.524877006371253
838,8.38,loc2,14.78583503773087,0.5308627296793397
839,8.39,loc2,14.934132632697578,0.5369157349114856
840,8.4,loc2,15.083917577015061,0.5430367696810846
841,8.41,loc2,15.235204782714767,0.5492265895093792
842,8.42,loc2,15.388009323204892,0.5554859589536155
843,8.43,loc2,15.542346443804083,0.561815652264156
844,8.44,loc2,15.698231486130037,0.5682164487811531
845,8.45,loc2,15.855679952540916,0.5746891368377971
846,8.46,loc2,16.014707510258802,0.5812345140106818
847,8.47,loc2,16.175329991369587,0.5878533871198004
848,8.48,loc2,16.337563392823146,0.5945465722285517
849,8.49,loc2,16.501423876433222,0.6013148946437363
850,8.5,loc2,16.66692776887745,0.6081591889155576
851,8.51,loc2,16.834091561697367,0.6150802988376213
852,8.52,loc2,17.002931911298393,0.6220790774469356
853,8.53,loc2,17.173465638949853,0.6291563870239116
854,8.540000000000001,loc2,17.345709730785,0.6363130990923644
855,8.55,loc2,17.519681337800883,0.6435500944195074
856,8.56,loc2,17.695397776137668,0.6508682630331449
857,8.57,loc2,17.872876577597197,0.6582685073400294
858,8.58,loc2,18.05213541764998,0.6657517377115374
859,8.59,loc2,18.233192115249526,0.6733188724471695
860,8.6,loc2,18.416064680136284,0.6809708406804709
861,8.61,loc2,18.600771312837633,0.6887085823790313
862,8.620000000000001,loc2,18.78733040466793,0.6965330483444868
863,8.63,loc2,18.97576053772837,0.7044452002125141
864,8.64,loc2,19.166080484907187,0.7124460104528385
865,8.65,loc2,19.35830920987952,0.720536462369229
866,8.66,loc2,19.552465867107443,0.728717550099499
867,8.67,loc2,19.748569801839974,0.7369902786155069
868,8.68,loc2,19.946640550113067,0.7453556637231558
869,8.69,loc2,20.146697838749617,0.7538147320623931
870,8.700000000000001,loc2,20.348761585359487,0.7623685211072133
871,8.71,loc2,20.5528519082896,0.7710180797859877
872,8.72,loc2,20.758989180621924,0.7797644718646027
873,8.73,loc2,20.967193903004105,0.7886087680275226
874,8.74,loc2,21.17748677664885,0.7975520503979088
875,8.75,loc2,21.38988872360344,0.8065954137983791
876,8.76,loc2,21.604420886749747,0.8157399657510069
877,8.77,loc2,21.821104629804225,0.8249868264773225
878,8.78,loc2,22.039961537317915,0.8343371288983112
879,8.790000000000001,loc2,22.261013414676473,0.8437920186344168
880,8.8,loc2,22.484282288100033,0.8533526540055338
881,8.81,loc2,22.709790404643424,0.863020206031018
882,8.82,loc2,22.937560232196027,0.8727958584296793
883,8.83,loc2,23.167614459481797,0.882680807619784
884,8.84,loc2,23.399975996059283,0.8926762627190539
885,8.85,loc2,23.634667972321616,0.9027834455446676
886,8.86,loc2,23.87171377557725,0.9130035928906727
887,8.870000000000001,loc2,24.111137051142048,0.9233379566263279
888,8.88,loc2,24.352961596371404,0.9337877969978339
889,8.89,loc2,24.597211460431144,0.9443543888956255
890,8.9,loc2,24.843910948131544,0.955039022095797
891,8.91,loc2,25.09308461992738,0.965843001260103
892,8.92,loc2,25.34475729191792,0.9767676459359584
893,8.93,loc2,25.598954035846916,0.9878142905564391
894,8.94,loc2,25.855700179102612,0.9989842844402814
895,8.950000000000001,loc2,26.115021304717807,1.0102789917918842
896,8.96,loc2,26.37694325136964,1.021699791701301
897,8.97,loc2,26.64149211337988,1.0332480781442521
898,8.98,loc2,26.908694240714752,1.044925259982116
899,8.99,loc2,27.17857623898496,1.056732760961932
900,9.0,loc2,27.451164970060013,1.0686720197555535
901,9.01,loc2,27.72648763229453,1.0807444950862524
902,9.02,loc2,28.004571643299027,1.0929516582844183
903,9.03,loc2,28.28544464511573,1.1052949935778416
904,9.040000000000001,loc2,28.569134575762373,1.1177760026420864
905,9.05,loc2,28.85566966923197,1.130396204600482
906,9.06,loc2,29.145078455493145,1.1431571360241357
907,9.07,loc2,29.43738976048992,1.1560603509319243
908,9.08,loc2,29.732632706141764,1.1691074207904957
909,9.09,loc2,30.030836710343586,1.1822999345142702
910,9.1,loc2,30.332031486965757,1.1956394984654388
911,9.11,loc2,30.63624704585409,1.2091277364539648
912,9.120000000000001,loc2,30.943513692829903,1.2227662897375846
913,9.13,loc2,31.253862029689788,1.2365568170218
914,9.14,loc2,31.56732295420597,1.2505009944598904
915,9.15,loc2,31.88392767420014,1.2646005165608296
916,9.16,loc2,32.203707794767666,1.2788571018414376
917,9.17,loc2,32.52669511973192,1.293272480034137
918,9.18,loc2,32.85292176149119,1.307848399124711
919,9.19,loc2,33.18242017515262,1.3225866275493832
920,9.200000000000001,loc2,33.51522315853231,1.3374889541948203
921,9.21,loc2,33.851363852155025,1.352557188398122
922,9.22,loc2,34.19087573925459,1.3677931599468363
923,9.23,loc2,34.53379264577363,1.3831987190789488
924,9.24,loc2,34.88014874036365,1.398775736482886
925,9.25,loc2,35.229978534385026,1.414526103297515
926,9.26,loc2,35.58331688190699,1.4304517311121432
927,9.27,loc2,35.94019897970766,1.446554551966519
928,9.28,loc2,36.300660367274006,1.462836518350831
929,9.290000000000001,loc2,36.66473692680194,1.4792996032057115
930,9.3,loc2,37.03246493187192,1.4959458030999082
931,9.31,loc2,37.40388107074146,1.5127771397940581
932,9.32,loc2,37.77902226076978,1.529795648116945
933,9.33,loc2,38.15792580696276,1.5470033862662134
934,9.34,loc2,38.540629411193926,1.5644024364089482
935,9.35,loc2,38.92717117220445,1.5819949046816741
936,9.36,loc2,39.31758958560315,1.5997829211903574
937,9.370000000000001,loc2,39.71192354386655,1.6177686400104072
938,9.38,loc2,40.1102123363386,1.6359542391866637
939,9.39,loc2,40.51249564923112,1.654341920733417
940,9.4,loc2,40.91881356562349,1.6729339106343943
941,9.41,loc2,41.32920656546274,1.691732458842764
942,9.42,loc2,41.74371552556354,1.7107398392811337
943,9.43,loc2,42.1623817196082,1.7299583498415525
944,9.44,loc2,42.58524681814667,1.7493903123855095
945,9.450000000000001,loc2,43.01235299873407,1.7690380800190495
946,9.46,loc2,43.44374281557995,1.7889040285502753
947,9.47,loc2,43.87945914554037,1.8089905528714572
948,9.48,loc2,44.319545325109935,1.8293000759684195
949,9.49,loc2,44.76404515042208,1.8498350489205613
950,9.5,loc2,45.21300287724913,1.870597950900855
951,9.51,loc2,45.666463221002296,1.8915912891758477
952,9.52,loc2,46.12447135673163,1.9128175991056608
953,9.53,loc2,46.58707291912607,1.9342794441439892
954,9.540000000000001,loc2,47.0543140025135,1.9559794158381063
955,9.55,loc2,47.52624116086043,1.977920133828848
956,9.56,loc2,48.00290140777248,2.000104245850636
957,9.57,loc2,48.48434221649405,2.0225344277314625
958,9.58,loc2,48.970611519908424,2.045213383392893
959,9.59,loc2,49.461757721082265,2.0681438455530428
960,9.6,loc2,49.957829846276695,2.0913285859601687
961,9.61,loc2,50.458877252694926,2.1147703959458415
962,9.620000000000001,loc2,50.964949750261425,2.1384720944677764
963,9.63,loc2,51.47609768130074,2.1624365334105904
964,9.64,loc2,51.992371920538005,2.1866665975858286
965,9.65,loc2,52.51382387509857,2.2111652047319454
966,9.66,loc2,53.04050548450817,2.2359353055143107
967,9.67,loc2,53.5724692206928,2.260979883525209
968,9.68,loc2,54.10976808797884,2.2863019552838386
969,9.69,loc2,54.65245562309297,2.311904570236314
970,9.700000000000001,loc2,55.200585895162305,2.3377908107556675
971,9.71,loc2,55.754213505713984,2.363963792141833
972,9.72,loc2,56.31339358867578,2.3904266626216724
973,9.73,loc2,56.8781818103757,2.4171826033489583
974,9.74,loc2,57.44863441556483,2.444234831507957
975,9.75,loc2,58.0248083419474,2.4715866080924442
976,9.76,loc2,58.60676087124944,2.4992412143860343
977,9.77,loc2,59.19454986654729,2.527201967881686
978,9.78,loc2,59.78823380766849,2.5554722246637884
979,9.790000000000001,loc2,60.38787179119194,2.5840553794081638
980,9.8,loc2,60.993523530447426,2.612954865382049
981,9.81,loc2,61.6052493555163,2.6421741544441257
982,9.82,loc2,62.22311021323103,2.6717167570444995
983,9.83,loc2,62.847167667175306,2.701586222224705
984,9.84,loc2,63.47748389768405,2.7317861376177066
985,9.85,loc2,64.11412170184342,2.7623201294478985
986,9.86,loc2,64.75714449349078,2.7931918625311023
987,9.870000000000001,loc2,65.40661630321488,2.824405040274577
988,9.88,loc2,66.0626017783553,2.855963404676992
989,9.89,loc2,66.72516625115694,2.8878707410214206
990,9.9,loc2,67.39437574606013,2.9201308784356774
991,9.91,loc2,68.07029682872009,2.952747679432038
992,9.92,loc2,68.7529967634153,2.9857250506696875
993,9.93,loc2,69.44254351742389,3.0190669432550905
994,9.94,loc2,70.13900576102364,3.0527773527419946
995,9.950000000000001,loc2,70.84245286749209,3.0868603191314343
996,9.96,loc2,71.55295491310606,3.1213199268717085
997,9.97,loc2,72.27058267714243,3.156160304858415
998,9.98,loc2,72.99540764187755,3.1913856264344265
999,9.99,loc2,73.72750199258745,3.2270001093898997
1000,10.0,loc2,74.46693861754778,3.2630080159622707
